CardID,CardName,ExpirationDate,CardCVV,Balance
7695140193091030a,Erin Young,27/06,423a,5452
6994234969623164a,Suzanne Conley,25/03,500a,5943
0331907415258290a,Amanda Montgomery,29/11,279a,3821
2570775087074249a,Dorothy Hunter,26/11,343a,12987
8109791338578742a,Jill Smith,29/06,393a,3718
4253834681620894a,Steven Parker,26/01,279a,14235
5811436212393648a,Eric Stevenson,25/08,238a,9321
3326514206868767a,Penny Rivas,25/12,413a,3210
3629644168250448a,Dr. Brian Wright DVM,29/03,084a,8765
6612989678725930a,Edward Barber,27/09,695a,14567
4009210926976597a,Catherine Taylor,29/02,377a,4321
6023239405286021a,Andre Mitchell,28/03,056a,9876
8726540825068900a,Ann Valdez,25/03,190a,6543
2724947919803933a,Julia Page,30/05,051a,12345
2885549117334984a,Thomas Burnett,25/04,741a,7890
4671508231021155a,Brooke Lee,29/02,993a,11234
7042031072001485a,William Fitzpatrick,30/11,529a,13579
2503808110186303a,Andrea Grant,29/12,130a,5432
6113415560113115a,Alison Green,27/03,998a,8765
4107440419216529a,Sarah Moody,28/09,040a,10987
0848279440039235a,James Holloway,27/12,249a,3214
6009030114567842a,Paul Gibbs,26/12,318a,7654
8443594572888239a,Andrea Banks,27/01,488a,9876
9188480485613907a,Gary Jimenez,27/09,266a,12309
7987158761953030a,Rachel Parks,29/12,350a,5432
7599271574236646a,Robert Barry,30/02,320a,8765
2949183287154201a,Sabrina Patterson,28/08,050a,12908
9046575693633807a,Daniel Ellis,30/09,477a,4321
9983042983136933a,Christian Beasley,30/07,861a,7654
7665155261743984a,Brittany Stafford,27/08,508a,10987
5027511900884566a,Robert Smith,26/04,540a,3210
6193916622263802a,Sharon Donaldson MD,28/11,273a,8765
1925414522393526a,Robert Pratt,25/01,141a,14235
7463623483779950a,Michelle Roberts,27/10,877a,5678
0144394505817850a,Timothy Palmer,26/12,329a,9321
0454997731544519a,Tammy Martin,28/10,781a,12345
9549068224792058a,Michael Mack,26/07,066a,7890
1420891107007666a,Richard Douglas,26/03,948a,11234
4371222456578064a,Brian Wright,25/03,785a,13579
5263384837399439a,Chelsey Dean MD,27/12,305a,5432
0471583506304510a,Mr. Randy Clayton,30/03,060a,8765
5386906394086476a,Kathryn King,28/10,906a,10987
9210818338078615a,Richard Dixon,26/09,640a,3214
4112149344638991a,Antonio Rice,28/12,988a,7654
7158713427310774a,Sarah Martinez,26/01,193a,9876
6213569124440600a,Katherine Fisher,30/06,478a,12309
5337047973172200a,Stephanie Rogers,29/02,395a,5432
5203350031024868a,Danielle Joseph,30/11,628a,8765
7665053918735645a,Karl Wood,28/04,446a,12908
9469045137419755a,Matthew Craig,28/06,313a,4321
7590705983444824a,Brian Paul,25/12,153a,7654
6078257749478976a,Noah Munoz,28/04,136a,10987
5149358204411450a,Patricia Young,25/09,490a,3210
8547010622620433a,Cynthia Galloway,27/12,850a,8765
3585941308696350a,Steven Bell,28/07,869a,14235
0771226718504216a,Amy Sosa,27/01,379a,5678
4052557369425925a,Brent Francis,25/09,541a,9321
7600347906030094a,Eric Peterson,30/07,460a,12345
0246270154312964a,Robin Phillips,29/04,288a,7890
0436659243178149a,Jared Cross,28/08,035a,11234
2531243738694628a,Jeffrey Garcia,25/06,565a,13579
3169270386216565a,Elizabeth Fisher,26/06,704a,5432
4455796145080197a,Anthony Velasquez,26/01,134a,8765
6839388052504042a,Reginald Larson,30/09,567a,10987
9937619661558683a,Edward Stewart,27/02,083a,3214
5231682913799890a,Sandra Crosby,30/04,101a,7654
5602125792563282a,Shannon Miller,26/10,182a,9876
1508074649836300a,Noah Smith,28/12,761a,12309
6417990700867207a,Mary Brooks,25/09,318a,5432
5762055735127442a,Kenneth Brown,29/09,644a,8765
1765802328085127a,Gary Myers,25/12,900a,12908
0763158331226910a,Jeremy Rosario,28/10,665a,4321
2634978946821331a,Lisa Thomas,26/11,650a,7654
9440713040700080a,Nicole Hall,30/02,688a,10987
9788428005887979a,Johnny Thompson,30/07,318a,3210
3785431420771730a,Timothy Lynch,30/08,353a,8765
2601860920710061a,Brandon Hill,26/10,044a,14235
9810241516640752a,Lori Mayo,27/07,972a,5678
6762058385986765a,Curtis Hubbard,26/08,994a,9321
8454934009283679a,Amanda Bullock,25/05,771a,12345
0839062351244265a,Christine Davis,27/09,317a,7890
2118564101914467a,Arthur Baldwin,26/07,915a,11234
6974442158020830a,Sara Booker,25/02,769a,13579
0604019064473985a,Marie Flores,29/06,460a,5432
6236690338783235a,Michael Beltran,27/09,931a,8765
8565969861889484a,Kimberly Madden,30/01,997a,10987
9426339066474490a,Mary Garner,26/04,426a,3214
4681371262664050a,Charlotte Stanley,29/07,000a,7654
0293616588378307a,Karen Bell,29/11,686a,9876
3393836689992718a,Michelle Mann,26/04,068a,12309
2790247656452290a,Philip Terry,30/09,043a,5432
3948591246248597a,Daniel Gay,25/08,189a,8765
3444619405454627a,Sally Lopez,27/02,346a,12908
1764834374378654a,Sherri Reed,26/09,632a,4321
4938424013332603a,Adam Perry,30/04,972a,7654
3221789924769136a,Nathan Thompson,27/01,639a,10987
9026544878653793a,Stacey Davis,28/02,747a,3210
7763084758555655a,Chelsea Howard,26/11,158a,8765
9522714129960511a,Penny Butler,29/06,967a,14235
9585165988654856a,Teresa Hess,25/12,067a,5678
2014024126426217a,Elizabeth Harvey,28/01,597a,9321
2469163141456792a,Mary Wilson,28/09,780a,12345
1433759366087913a,Alexander Rivers,28/02,693a,7890
3420120103017250a,Matthew Kennedy,25/09,560a,11234
7319363205128122a,Natalie Roberts,30/04,540a,13579
0967694317502200a,Kent Carroll DVM,28/01,108a,5432
3846280916471568a,Colton Hicks,25/07,291a,8765
7885122779319746a,Jeffery Rose,26/01,158a,10987
5723761753967853a,Jose Hudson,25/03,416a,3214
3372080980896927a,Victoria Collins,30/06,551a,7654
4933974196661559a,Jennifer Flowers,30/05,027a,9876
7410138984621661a,Deborah Weiss,26/12,447a,12309
9468265908327577a,Samantha Galvan,30/10,815a,5432
7404018890571703a,Bianca Werner,26/09,610a,8765
5035767197529246a,Matthew Kim,30/04,316a,12908
6404897230066381a,Lisa Dawson,27/10,637a,4321
0837455426281954a,Richard Zimmerman,25/09,294a,7654
0348558724811530a,Sheila Schaefer,25/04,747a,10987
1270643907852945a,Danielle Richmond,28/01,126a,3210
2297181434632773a,Kevin Andrews,30/02,818a,8765
1012190909528142a,Alyssa Vaughn,25/09,323a,14235
4182409170839443a,Tanya Reed,26/06,564a,5678
0506231258963123a,Jessica Bradley,25/01,823a,9321
5196525180389655a,Kevin Bryant,26/11,752a,12345
0869500708433190a,Nicholas Rivera,26/01,095a,7890
6834649023790133a,Gregory Anderson,28/08,029a,11234
7704699448540686a,James Clayton,29/12,031a,13579
6619988766228899a,Jeffrey Quinn,25/07,893a,5432
5422680957718098a,Christina Simpson,26/10,956a,8765
7920275887330379a,Monica Carroll,30/09,107a,10987
6445733423826684a,Patrick Frazier,28/10,797a,3214
6577299298496111a,Susan Carter,30/09,967a,7654
2124960396182560a,Karen Reyes,27/03,077a,9876
4659635401323679a,Heather Martin,29/11,361a,12309
6930066622765285a,Katherine Rodriguez,26/05,729a,5432
7788998427323749a,Eric Kemp,28/09,160a,8765
8591485909530677a,Linda Suarez,28/06,884a,12908
1645611377911401a,Raymond Murphy,27/12,025a,4321
7526242190142509a,Michael Mccarty,28/04,141a,7654
1767856473364995a,Daniel Barry,26/10,282a,10987
5788253267984884a,John Mooney,30/07,777a,3210
8274927546470650a,Gregory Fleming,28/02,172a,8765
9389714673086416a,Jared Flores,29/07,641a,14235
7516200951345151a,Jasmine Brandt,27/09,799a,5678
3080773034742906a,Randy George,26/05,220a,9321
7804342247250615a,Kathleen Harper,30/09,970a,12345
4850016643548274a,Samantha Davis,30/12,744a,7890
4483992155024814a,Christine Alvarez DDS,27/08,882a,11234
9766043268280609a,Valerie Burns,27/10,406a,13579
3855200883497898a,Katherine Jackson,29/01,226a,5432
